_id,date,deaths_total,death_covid,death_covid_contrib,death_unknown_missing
1,2020-04-01T00:00:00,17,12,2,3
2,2020-04-02T00:00:00,30,24,2,4
3,2020-04-03T00:00:00,21,14,2,5
4,2020-04-04T00:00:00,30,23,2,5
5,2020-04-05T00:00:00,28,19,3,6
6,2020-04-06T00:00:00,30,22,5,3
7,2020-04-07T00:00:00,35,27,6,2
8,2020-04-08T00:00:00,38,29,5,4
9,2020-04-09T00:00:00,42,29,6,7
10,2020-04-10T00:00:00,37,31,3,3
11,2020-04-11T00:00:00,44,32,8,4
12,2020-04-12T00:00:00,46,33,7,6
13,2020-04-13T00:00:00,50,32,6,12
14,2020-04-14T00:00:00,46,33,8,5
15,2020-04-15T00:00:00,61,42,7,12
16,2020-04-16T00:00:00,55,37,8,10
17,2020-04-17T00:00:00,54,34,10,10
18,2020-04-18T00:00:00,57,33,14,10
19,2020-04-19T00:00:00,87,68,8,11
20,2020-04-20T00:00:00,57,37,9,11
21,2020-04-21T00:00:00,65,48,11,6
22,2020-04-22T00:00:00,69,49,12,8
23,2020-04-23T00:00:00,59,42,7,10
24,2020-04-24T00:00:00,62,46,10,6
25,2020-04-25T00:00:00,68,38,17,13
26,2020-04-26T00:00:00,65,49,7,9
27,2020-04-27T00:00:00,68,47,16,5
28,2020-04-28T00:00:00,48,28,13,7
29,2020-04-29T00:00:00,68,46,14,8
30,2020-04-30T00:00:00,63,44,11,8
31,2020-05-01T00:00:00,65,49,13,3
32,2020-05-02T00:00:00,52,36,12,4
33,2020-05-03T00:00:00,71,46,15,10
34,2020-05-04T00:00:00,47,35,4,8
35,2020-05-05T00:00:00,41,28,11,2
36,2020-05-06T00:00:00,43,29,8,6
37,2020-05-07T00:00:00,44,28,11,5
38,2020-05-08T00:00:00,40,29,6,5
39,2020-05-09T00:00:00,40,24,9,7
40,2020-05-10T00:00:00,41,25,12,4
41,2020-05-11T00:00:00,38,28,6,4
42,2020-05-12T00:00:00,35,21,11,3
43,2020-05-13T00:00:00,29,23,4,2
44,2020-05-14T00:00:00,26,19,4,3
45,2020-05-15T00:00:00,32,23,7,2
46,2020-05-16T00:00:00,31,22,6,3
47,2020-05-17T00:00:00,26,19,7,0
48,2020-05-18T00:00:00,26,20,2,4
49,2020-05-19T00:00:00,26,17,6,3
50,2020-05-20T00:00:00,19,14,4,1
51,2020-05-21T00:00:00,26,17,7,2
52,2020-05-22T00:00:00,20,18,1,1
53,2020-05-23T00:00:00,25,16,5,4
54,2020-05-24T00:00:00,25,18,4,3
55,2020-05-25T00:00:00,30,21,4,5
56,2020-05-26T00:00:00,39,30,6,3
57,2020-05-27T00:00:00,27,20,2,5
58,2020-05-28T00:00:00,19,14,1,4
59,2020-05-29T00:00:00,25,20,4,1
60,2020-05-30T00:00:00,19,15,3,1
61,2020-05-31T00:00:00,10,9,1,0
62,2020-06-01T00:00:00,12,9,2,1
63,2020-06-02T00:00:00,10,8,2,0
64,2020-06-03T00:00:00,16,9,3,4
65,2020-06-04T00:00:00,18,9,8,1
66,2020-06-05T00:00:00,17,9,5,3
67,2020-06-06T00:00:00,9,8,1,0
68,2020-06-07T00:00:00,9,9,0,0
69,2020-06-08T00:00:00,7,4,1,2
70,2020-06-09T00:00:00,15,11,2,2
71,2020-06-10T00:00:00,5,5,0,0
72,2020-06-11T00:00:00,6,4,1,1
73,2020-06-12T00:00:00,6,2,2,2
74,2020-06-13T00:00:00,11,10,0,1
75,2020-06-14T00:00:00,10,6,4,0
76,2020-06-15T00:00:00,7,5,1,1
77,2020-06-16T00:00:00,4,4,0,0
78,2020-06-17T00:00:00,3,2,1,0
79,2020-06-18T00:00:00,5,4,1,0
80,2020-06-19T00:00:00,4,2,2,0
81,2020-06-20T00:00:00,5,4,0,1
82,2020-06-21T00:00:00,4,3,1,0
83,2020-06-22T00:00:00,7,4,3,0
84,2020-06-23T00:00:00,8,7,0,1
85,2020-06-24T00:00:00,6,5,1,0
86,2020-06-25T00:00:00,3,3,0,0
87,2020-06-26T00:00:00,4,3,1,0
88,2020-06-27T00:00:00,3,3,0,0
89,2020-06-28T00:00:00,4,3,1,0
90,2020-06-29T00:00:00,5,4,0,1
91,2020-06-30T00:00:00,1,1,0,0
92,2020-07-01T00:00:00,2,2,0,0
93,2020-07-02T00:00:00,2,1,1,0
94,2020-07-03T00:00:00,3,1,1,1
95,2020-07-04T00:00:00,1,0,1,0
96,2020-07-05T00:00:00,1,1,0,0
97,2020-07-06T00:00:00,7,5,2,0
98,2020-07-07T00:00:00,5,4,1,0
99,2020-07-08T00:00:00,3,2,1,0
100,2020-07-09T00:00:00,2,2,0,0
101,2020-07-10T00:00:00,5,4,0,1
102,2020-07-11T00:00:00,3,3,0,0
103,2020-07-12T00:00:00,1,0,1,0
104,2020-07-13T00:00:00,4,3,1,0
105,2020-07-14T00:00:00,2,1,1,0
106,2020-07-15T00:00:00,4,2,2,0
107,2020-07-16T00:00:00,3,3,0,0
108,2020-07-17T00:00:00,3,3,0,0
109,2020-07-18T00:00:00,3,3,0,0
110,2020-07-19T00:00:00,1,1,0,0
111,2020-07-20T00:00:00,1,1,0,0
112,2020-07-21T00:00:00,1,1,0,0
113,2020-07-22T00:00:00,1,1,0,0
114,2020-07-23T00:00:00,1,1,0,0
115,2020-07-24T00:00:00,2,1,1,0
116,2020-07-25T00:00:00,2,1,0,1
117,2020-07-26T00:00:00,3,3,0,0
118,2020-07-27T00:00:00,1,1,0,0
119,2020-07-28T00:00:00,2,2,0,0
120,2020-07-29T00:00:00,1,0,1,0
121,2020-07-30T00:00:00,2,2,0,0
122,2020-07-31T00:00:00,0,0,0,0
123,2020-08-01T00:00:00,3,3,0,0
124,2020-08-02T00:00:00,1,1,0,0
125,2020-08-03T00:00:00,0,0,0,0
126,2020-08-04T00:00:00,0,0,0,0
127,2020-08-05T00:00:00,1,1,0,0
128,2020-08-06T00:00:00,3,2,1,0
129,2020-08-07T00:00:00,1,1,0,0
130,2020-08-08T00:00:00,0,0,0,0
131,2020-08-09T00:00:00,0,0,0,0
132,2020-08-10T00:00:00,1,1,0,0
133,2020-08-11T00:00:00,1,1,0,0
134,2020-08-12T00:00:00,0,0,0,0
135,2020-08-13T00:00:00,1,0,0,1
136,2020-08-14T00:00:00,0,0,0,0
137,2020-08-15T00:00:00,1,0,1,0
138,2020-08-16T00:00:00,1,0,1,0
139,2020-08-17T00:00:00,1,0,1,0
140,2020-08-18T00:00:00,3,1,1,1
141,2020-08-19T00:00:00,1,1,0,0
142,2020-08-20T00:00:00,2,1,0,1
143,2020-08-21T00:00:00,0,0,0,0
144,2020-08-22T00:00:00,0,0,0,0
145,2020-08-23T00:00:00,1,0,1,0
146,2020-08-24T00:00:00,0,0,0,0
147,2020-08-25T00:00:00,0,0,0,0
148,2020-08-26T00:00:00,0,0,0,0
149,2020-08-27T00:00:00,1,1,0,0
150,2020-08-28T00:00:00,0,0,0,0
151,2020-08-29T00:00:00,0,0,0,0
152,2020-08-30T00:00:00,1,1,0,0
153,2020-08-31T00:00:00,0,0,0,0
154,2020-09-01T00:00:00,2,2,0,0
155,2020-09-02T00:00:00,0,0,0,0
156,2020-09-03T00:00:00,1,1,0,0
157,2020-09-04T00:00:00,0,0,0,0
158,2020-09-05T00:00:00,1,1,0,0
159,2020-09-06T00:00:00,0,0,0,0
160,2020-09-07T00:00:00,2,2,0,0
161,2020-09-08T00:00:00,0,0,0,0
162,2020-09-09T00:00:00,1,1,0,0
163,2020-09-10T00:00:00,1,0,1,0
164,2020-09-11T00:00:00,1,1,0,0
165,2020-09-12T00:00:00,2,1,1,0
166,2020-09-13T00:00:00,2,1,1,0
167,2020-09-14T00:00:00,2,0,2,0
168,2020-09-15T00:00:00,1,0,1,0
169,2020-09-16T00:00:00,1,0,1,0
170,2020-09-17T00:00:00,7,2,3,2
171,2020-09-18T00:00:00,1,1,0,0
172,2020-09-19T00:00:00,2,0,2,0
173,2020-09-20T00:00:00,1,1,0,0
174,2020-09-21T00:00:00,0,0,0,0
175,2020-09-22T00:00:00,2,2,0,0
176,2020-09-23T00:00:00,1,0,1,0
177,2020-09-24T00:00:00,4,2,2,0
178,2020-09-25T00:00:00,3,0,3,0
179,2020-09-26T00:00:00,4,3,1,0
180,2020-09-27T00:00:00,2,1,1,0
181,2020-09-28T00:00:00,2,1,1,0
182,2020-09-29T00:00:00,5,1,4,0
183,2020-09-30T00:00:00,1,1,0,0
184,2020-10-01T00:00:00,6,3,3,0
185,2020-10-02T00:00:00,2,0,2,0
186,2020-10-03T00:00:00,7,6,1,0
187,2020-10-04T00:00:00,5,4,1,0
188,2020-10-05T00:00:00,0,0,0,0
189,2020-10-06T00:00:00,4,1,2,1
190,2020-10-07T00:00:00,4,3,1,0
191,2020-10-08T00:00:00,7,5,2,0
192,2020-10-09T00:00:00,7,6,1,0
193,2020-10-10T00:00:00,8,6,2,0
194,2020-10-11T00:00:00,2,2,0,0
195,2020-10-12T00:00:00,4,3,1,0
196,2020-10-13T00:00:00,7,5,1,1
197,2020-10-14T00:00:00,7,4,1,2
198,2020-10-15T00:00:00,7,6,1,0
199,2020-10-16T00:00:00,7,3,3,1
200,2020-10-17T00:00:00,6,4,1,1
201,2020-10-18T00:00:00,9,7,2,0
202,2020-10-19T00:00:00,8,7,1,0
203,2020-10-20T00:00:00,5,4,1,0
204,2020-10-21T00:00:00,10,5,4,1
205,2020-10-22T00:00:00,7,7,0,0
206,2020-10-23T00:00:00,7,5,2,0
207,2020-10-24T00:00:00,13,9,4,0
208,2020-10-25T00:00:00,4,3,1,0
209,2020-10-26T00:00:00,8,5,3,0
210,2020-10-27T00:00:00,6,4,1,1
211,2020-10-28T00:00:00,17,15,2,0
212,2020-10-29T00:00:00,12,7,4,1
213,2020-10-30T00:00:00,12,7,5,0
214,2020-10-31T00:00:00,8,7,1,0
215,2020-11-01T00:00:00,11,7,4,0
216,2020-11-02T00:00:00,17,12,4,1
217,2020-11-03T00:00:00,17,13,4,0
218,2020-11-04T00:00:00,14,11,3,0
219,2020-11-05T00:00:00,7,3,4,0
220,2020-11-06T00:00:00,16,10,6,0
221,2020-11-07T00:00:00,22,13,9,0
222,2020-11-08T00:00:00,15,11,4,0
223,2020-11-09T00:00:00,19,17,1,1
224,2020-11-10T00:00:00,26,21,5,0
225,2020-11-11T00:00:00,20,14,5,1
226,2020-11-12T00:00:00,12,7,4,1
227,2020-11-13T00:00:00,25,13,11,1
228,2020-11-14T00:00:00,20,13,7,0
229,2020-11-15T00:00:00,15,14,1,0
230,2020-11-16T00:00:00,20,16,3,1
231,2020-11-17T00:00:00,15,11,4,0
232,2020-11-18T00:00:00,13,10,2,1
233,2020-11-19T00:00:00,20,18,1,1
234,2020-11-20T00:00:00,19,17,2,0
235,2020-11-21T00:00:00,18,15,3,0
236,2020-11-22T00:00:00,18,15,3,0
237,2020-11-23T00:00:00,23,19,4,0
238,2020-11-24T00:00:00,16,14,2,0
239,2020-11-25T00:00:00,25,19,5,1
240,2020-11-26T00:00:00,16,13,3,0
241,2020-11-27T00:00:00,20,14,6,0
242,2020-11-28T00:00:00,20,13,4,3
243,2020-11-29T00:00:00,18,12,3,3
244,2020-11-30T00:00:00,22,15,5,2
245,2020-12-01T00:00:00,27,15,12,0
246,2020-12-02T00:00:00,27,18,6,3
247,2020-12-03T00:00:00,17,9,4,4
248,2020-12-04T00:00:00,21,13,6,2
249,2020-12-05T00:00:00,23,15,6,2
250,2020-12-06T00:00:00,26,12,8,6
251,2020-12-07T00:00:00,19,10,4,5
252,2020-12-08T00:00:00,34,23,3,8
253,2020-12-09T00:00:00,32,17,9,6
254,2020-12-10T00:00:00,21,17,2,2
255,2020-12-11T00:00:00,23,14,7,2
256,2020-12-12T00:00:00,42,23,13,6
257,2020-12-13T00:00:00,28,17,7,4
258,2020-12-14T00:00:00,31,19,10,2
259,2020-12-15T00:00:00,38,27,10,1
260,2020-12-16T00:00:00,26,17,5,4
261,2020-12-17T00:00:00,35,27,5,3
262,2020-12-18T00:00:00,42,24,15,3
263,2020-12-19T00:00:00,37,27,9,1
264,2020-12-20T00:00:00,36,25,9,2
265,2020-12-21T00:00:00,36,23,13,0
266,2020-12-22T00:00:00,46,29,15,2
267,2020-12-23T00:00:00,41,31,7,3
268,2020-12-24T00:00:00,48,32,13,3
269,2020-12-25T00:00:00,32,25,7,0
270,2020-12-26T00:00:00,44,32,10,2
271,2020-12-27T00:00:00,44,31,8,5
272,2020-12-28T00:00:00,36,25,9,2
273,2020-12-29T00:00:00,50,39,10,1
274,2020-12-30T00:00:00,46,32,13,1
275,2020-12-31T00:00:00,54,41,12,1
276,2021-01-01T00:00:00,53,38,12,3
277,2021-01-02T00:00:00,42,29,10,3
278,2021-01-03T00:00:00,49,39,7,3
279,2021-01-04T00:00:00,58,40,18,0
280,2021-01-05T00:00:00,51,42,7,2
281,2021-01-06T00:00:00,51,35,11,5
282,2021-01-07T00:00:00,50,41,7,2
283,2021-01-08T00:00:00,47,29,15,3
284,2021-01-09T00:00:00,65,54,7,4
285,2021-01-10T00:00:00,51,40,8,3
286,2021-01-11T00:00:00,52,45,5,2
287,2021-01-12T00:00:00,44,30,9,5
288,2021-01-13T00:00:00,55,38,14,3
289,2021-01-14T00:00:00,46,32,11,3
290,2021-01-15T00:00:00,52,39,10,3
291,2021-01-16T00:00:00,68,48,15,5
292,2021-01-17T00:00:00,79,64,13,2
293,2021-01-18T00:00:00,57,41,12,4
294,2021-01-19T00:00:00,65,49,14,2
295,2021-01-20T00:00:00,54,40,11,3
296,2021-01-21T00:00:00,65,51,10,4
297,2021-01-22T00:00:00,55,38,13,4
298,2021-01-23T00:00:00,57,43,8,6
299,2021-01-24T00:00:00,51,40,9,2
300,2021-01-25T00:00:00,54,39,13,2
301,2021-01-26T00:00:00,64,46,18,0
302,2021-01-27T00:00:00,47,36,8,3
303,2021-01-28T00:00:00,48,37,6,5
304,2021-01-29T00:00:00,53,37,13,3
305,2021-01-30T00:00:00,56,48,6,2
306,2021-01-31T00:00:00,42,31,9,2
307,2021-02-01T00:00:00,41,32,8,1
308,2021-02-02T00:00:00,49,35,10,4
309,2021-02-03T00:00:00,34,22,9,3
310,2021-02-04T00:00:00,40,29,9,2
311,2021-02-05T00:00:00,25,19,4,2
312,2021-02-06T00:00:00,31,22,7,2
313,2021-02-07T00:00:00,20,14,3,3
314,2021-02-08T00:00:00,30,27,3,0
315,2021-02-09T00:00:00,29,16,12,1
316,2021-02-10T00:00:00,31,26,4,1
317,2021-02-11T00:00:00,19,18,1,0
318,2021-02-12T00:00:00,26,19,6,1
319,2021-02-13T00:00:00,15,12,2,1
320,2021-02-14T00:00:00,29,21,7,1
321,2021-02-15T00:00:00,19,14,5,0
322,2021-02-16T00:00:00,20,16,3,1
323,2021-02-17T00:00:00,32,21,8,3
324,2021-02-18T00:00:00,19,11,8,0
325,2021-02-19T00:00:00,16,11,4,1
326,2021-02-20T00:00:00,16,11,5,0
327,2021-02-21T00:00:00,14,13,1,0
328,2021-02-22T00:00:00,14,8,4,2
329,2021-02-23T00:00:00,18,14,3,1
330,2021-02-24T00:00:00,13,10,3,0
331,2021-02-25T00:00:00,15,11,4,0
332,2021-02-26T00:00:00,16,14,1,1
333,2021-02-27T00:00:00,7,4,3,0
334,2021-02-28T00:00:00,11,7,2,2
335,2021-03-01T00:00:00,13,6,5,2
336,2021-03-02T00:00:00,18,15,2,1
337,2021-03-03T00:00:00,13,11,2,0
338,2021-03-04T00:00:00,9,6,3,0
339,2021-03-05T00:00:00,12,8,2,2
340,2021-03-06T00:00:00,11,10,1,0
341,2021-03-07T00:00:00,12,8,3,1
342,2021-03-08T00:00:00,15,14,1,0
343,2021-03-09T00:00:00,13,9,4,0
344,2021-03-10T00:00:00,11,7,3,1
345,2021-03-11T00:00:00,14,10,3,1
346,2021-03-12T00:00:00,12,8,3,1
347,2021-03-13T00:00:00,11,6,5,0
348,2021-03-14T00:00:00,8,8,0,0
349,2021-03-15T00:00:00,10,8,2,0
350,2021-03-16T00:00:00,16,12,2,2
351,2021-03-17T00:00:00,15,8,6,1
352,2021-03-18T00:00:00,11,7,1,3
353,2021-03-19T00:00:00,18,14,2,2
354,2021-03-20T00:00:00,4,3,1,0
355,2021-03-21T00:00:00,8,5,3,0
356,2021-03-22T00:00:00,14,11,2,1
357,2021-03-23T00:00:00,15,10,5,0
358,2021-03-24T00:00:00,19,16,1,2
359,2021-03-25T00:00:00,17,15,2,0
360,2021-03-26T00:00:00,19,17,2,0
361,2021-03-27T00:00:00,16,13,0,3
362,2021-03-28T00:00:00,19,15,4,0
363,2021-03-29T00:00:00,20,14,5,1
364,2021-03-30T00:00:00,15,14,1,0
365,2021-03-31T00:00:00,16,13,3,0
366,2021-04-01T00:00:00,19,15,2,2
367,2021-04-02T00:00:00,11,9,1,1
368,2021-04-03T00:00:00,13,10,2,1
369,2021-04-04T00:00:00,25,19,5,1
370,2021-04-05T00:00:00,23,19,2,2
371,2021-04-06T00:00:00,16,11,5,0
372,2021-04-07T00:00:00,25,18,5,2
373,2021-04-08T00:00:00,19,10,6,3
374,2021-04-09T00:00:00,31,26,5,0
375,2021-04-10T00:00:00,23,22,0,1
376,2021-04-11T00:00:00,27,23,4,0
377,2021-04-12T00:00:00,31,25,4,2
378,2021-04-13T00:00:00,38,30,6,2
379,2021-04-14T00:00:00,23,17,2,4
380,2021-04-15T00:00:00,25,18,2,5
381,2021-04-16T00:00:00,22,19,3,0
382,2021-04-17T00:00:00,33,31,2,0
383,2021-04-18T00:00:00,34,27,4,3
384,2021-04-19T00:00:00,36,26,9,1
385,2021-04-20T00:00:00,29,25,3,1
386,2021-04-21T00:00:00,22,16,3,3
387,2021-04-22T00:00:00,44,40,2,2
388,2021-04-23T00:00:00,30,27,2,1
389,2021-04-24T00:00:00,34,29,5,0
390,2021-04-25T00:00:00,37,31,5,1
391,2021-04-26T00:00:00,38,32,4,2
392,2021-04-27T00:00:00,34,27,6,1
393,2021-04-28T00:00:00,31,27,4,0
394,2021-04-29T00:00:00,23,18,4,1
395,2021-04-30T00:00:00,27,23,3,1
396,2021-05-01T00:00:00,38,27,6,5
397,2021-05-02T00:00:00,22,22,0,0
398,2021-05-03T00:00:00,29,25,3,1
399,2021-05-04T00:00:00,30,25,1,4
400,2021-05-05T00:00:00,24,22,1,1
401,2021-05-06T00:00:00,34,27,4,3
402,2021-05-07T00:00:00,37,33,2,2
403,2021-05-08T00:00:00,33,31,2,0
404,2021-05-09T00:00:00,24,21,2,1
405,2021-05-10T00:00:00,23,21,2,0
406,2021-05-11T00:00:00,27,24,3,0
407,2021-05-12T00:00:00,32,23,7,2
408,2021-05-13T00:00:00,23,22,0,1
409,2021-05-14T00:00:00,14,11,3,0
410,2021-05-15T00:00:00,20,19,1,0
411,2021-05-16T00:00:00,17,13,4,0
412,2021-05-17T00:00:00,21,15,3,3
413,2021-05-18T00:00:00,22,19,3,0
414,2021-05-19T00:00:00,22,20,2,0
415,2021-05-20T00:00:00,23,18,5,0
416,2021-05-21T00:00:00,18,15,1,2
417,2021-05-22T00:00:00,29,24,2,3
418,2021-05-23T00:00:00,14,12,1,1
419,2021-05-24T00:00:00,15,13,2,0
420,2021-05-25T00:00:00,20,18,2,0
421,2021-05-26T00:00:00,21,16,5,0
422,2021-05-27T00:00:00,16,14,2,0
423,2021-05-28T00:00:00,27,21,5,1
424,2021-05-29T00:00:00,23,18,4,1
425,2021-05-30T00:00:00,15,13,2,0
426,2021-05-31T00:00:00,16,12,4,0
427,2021-06-01T00:00:00,10,10,0,0
428,2021-06-02T00:00:00,16,12,3,1
429,2021-06-03T00:00:00,10,9,1,0
430,2021-06-04T00:00:00,12,10,1,1
431,2021-06-05T00:00:00,15,13,1,1
432,2021-06-06T00:00:00,10,10,0,0
433,2021-06-07T00:00:00,10,10,0,0
434,2021-06-08T00:00:00,6,5,1,0
435,2021-06-09T00:00:00,11,6,4,1
436,2021-06-10T00:00:00,2,1,1,0
437,2021-06-11T00:00:00,2,2,0,0
438,2021-06-12T00:00:00,5,4,1,0
439,2021-06-13T00:00:00,9,7,2,0
440,2021-06-14T00:00:00,8,7,0,1
441,2021-06-15T00:00:00,4,3,1,0
442,2021-06-16T00:00:00,4,3,1,0
443,2021-06-17T00:00:00,9,7,1,1
444,2021-06-18T00:00:00,4,3,1,0
445,2021-06-19T00:00:00,2,1,1,0
446,2021-06-20T00:00:00,9,7,1,1
447,2021-06-21T00:00:00,8,6,1,1
448,2021-06-22T00:00:00,3,3,0,0
449,2021-06-23T00:00:00,8,7,1,0
450,2021-06-24T00:00:00,4,4,0,0
451,2021-06-25T00:00:00,0,0,0,0
452,2021-06-26T00:00:00,6,6,0,0
453,2021-06-27T00:00:00,6,4,2,0
454,2021-06-28T00:00:00,2,1,1,0
455,2021-06-29T00:00:00,6,1,5,0
456,2021-06-30T00:00:00,3,2,1,0
457,2021-07-01T00:00:00,5,4,1,0
458,2021-07-02T00:00:00,5,2,3,0
459,2021-07-03T00:00:00,3,3,0,0
460,2021-07-04T00:00:00,5,4,1,0
461,2021-07-05T00:00:00,7,5,2,0
462,2021-07-06T00:00:00,5,5,0,0
463,2021-07-07T00:00:00,5,5,0,0
464,2021-07-08T00:00:00,7,6,0,1
465,2021-07-09T00:00:00,6,3,3,0
466,2021-07-10T00:00:00,4,3,1,0
467,2021-07-11T00:00:00,4,3,1,0
468,2021-07-12T00:00:00,5,2,3,0
469,2021-07-13T00:00:00,8,5,3,0
470,2021-07-14T00:00:00,3,2,0,1
471,2021-07-15T00:00:00,3,2,1,0
472,2021-07-16T00:00:00,6,6,0,0
473,2021-07-17T00:00:00,0,0,0,0
474,2021-07-18T00:00:00,2,2,0,0
475,2021-07-19T00:00:00,2,2,0,0
476,2021-07-20T00:00:00,3,1,2,0
477,2021-07-21T00:00:00,3,2,1,0
478,2021-07-22T00:00:00,2,1,1,0
479,2021-07-23T00:00:00,0,0,0,0
480,2021-07-24T00:00:00,3,2,1,0
481,2021-07-25T00:00:00,2,2,0,0
482,2021-07-26T00:00:00,0,0,0,0
483,2021-07-27T00:00:00,3,2,1,0
484,2021-07-28T00:00:00,3,2,1,0
485,2021-07-29T00:00:00,4,2,2,0
486,2021-07-30T00:00:00,3,3,0,0
487,2021-07-31T00:00:00,0,0,0,0
488,2021-08-01T00:00:00,5,4,1,0
489,2021-08-02T00:00:00,0,0,0,0
490,2021-08-03T00:00:00,1,1,0,0
491,2021-08-04T00:00:00,2,2,0,0
492,2021-08-05T00:00:00,2,2,0,0
493,2021-08-06T00:00:00,2,1,1,0
494,2021-08-07T00:00:00,0,0,0,0
495,2021-08-08T00:00:00,0,0,0,0
496,2021-08-09T00:00:00,3,3,0,0
497,2021-08-10T00:00:00,3,3,0,0
498,2021-08-11T00:00:00,1,1,0,0
499,2021-08-12T00:00:00,1,1,0,0
500,2021-08-13T00:00:00,1,1,0,0
501,2021-08-14T00:00:00,2,2,0,0
502,2021-08-15T00:00:00,1,1,0,0
503,2021-08-16T00:00:00,2,2,0,0
504,2021-08-17T00:00:00,3,3,0,0
505,2021-08-18T00:00:00,1,1,0,0
506,2021-08-19T00:00:00,2,2,0,0
507,2021-08-20T00:00:00,1,0,1,0
508,2021-08-21T00:00:00,1,1,0,0
509,2021-08-22T00:00:00,2,2,0,0
510,2021-08-23T00:00:00,0,0,0,0
511,2021-08-24T00:00:00,2,2,0,0
512,2021-08-25T00:00:00,5,4,1,0
513,2021-08-26T00:00:00,2,2,0,0
514,2021-08-27T00:00:00,1,1,0,0
515,2021-08-28T00:00:00,5,4,1,0
516,2021-08-29T00:00:00,2,1,1,0
517,2021-08-30T00:00:00,4,4,0,0
518,2021-08-31T00:00:00,5,3,2,0
519,2021-09-01T00:00:00,3,3,0,0
520,2021-09-02T00:00:00,3,2,0,1
521,2021-09-03T00:00:00,5,5,0,0
522,2021-09-04T00:00:00,8,8,0,0
523,2021-09-05T00:00:00,5,4,1,0
524,2021-09-06T00:00:00,6,5,0,1
525,2021-09-07T00:00:00,5,5,0,0
526,2021-09-08T00:00:00,5,5,0,0
527,2021-09-09T00:00:00,9,6,0,3
528,2021-09-10T00:00:00,9,9,0,0
529,2021-09-11T00:00:00,8,6,2,0
530,2021-09-12T00:00:00,4,3,1,0
531,2021-09-13T00:00:00,4,2,0,2
532,2021-09-14T00:00:00,6,6,0,0
533,2021-09-15T00:00:00,4,4,0,0
534,2021-09-16T00:00:00,4,2,1,1
535,2021-09-17T00:00:00,11,10,1,0
536,2021-09-18T00:00:00,5,5,0,0
537,2021-09-19T00:00:00,2,2,0,0
538,2021-09-20T00:00:00,5,3,2,0
539,2021-09-21T00:00:00,6,5,1,0
540,2021-09-22T00:00:00,7,5,0,2
541,2021-09-23T00:00:00,3,1,2,0
542,2021-09-24T00:00:00,5,5,0,0
543,2021-09-25T00:00:00,9,9,0,0
544,2021-09-26T00:00:00,3,3,0,0
545,2021-09-27T00:00:00,6,5,1,0
546,2021-09-28T00:00:00,7,5,2,0
547,2021-09-29T00:00:00,5,4,1,0
548,2021-09-30T00:00:00,5,2,2,1
549,2021-10-01T00:00:00,4,4,0,0
550,2021-10-02T00:00:00,3,3,0,0
551,2021-10-03T00:00:00,6,6,0,0
552,2021-10-04T00:00:00,5,4,1,0
553,2021-10-05T00:00:00,4,4,0,0
554,2021-10-06T00:00:00,6,6,0,0
555,2021-10-07T00:00:00,4,4,0,0
556,2021-10-08T00:00:00,6,2,2,2
557,2021-10-09T00:00:00,6,4,1,1
558,2021-10-10T00:00:00,3,1,2,0
559,2021-10-11T00:00:00,2,2,0,0
560,2021-10-12T00:00:00,4,3,1,0
561,2021-10-13T00:00:00,4,2,2,0
562,2021-10-14T00:00:00,3,3,0,0
563,2021-10-15T00:00:00,3,3,0,0
564,2021-10-16T00:00:00,2,1,1,0
565,2021-10-17T00:00:00,3,3,0,0
566,2021-10-18T00:00:00,4,4,0,0
567,2021-10-19T00:00:00,6,5,1,0
568,2021-10-20T00:00:00,6,5,1,0
569,2021-10-21T00:00:00,8,8,0,0
570,2021-10-22T00:00:00,5,5,0,0
571,2021-10-23T00:00:00,1,1,0,0
572,2021-10-24T00:00:00,8,6,2,0
573,2021-10-25T00:00:00,2,2,0,0
574,2021-10-26T00:00:00,6,5,1,0
575,2021-10-27T00:00:00,0,0,0,0
576,2021-10-28T00:00:00,4,4,0,0
577,2021-10-29T00:00:00,3,1,1,1
578,2021-10-30T00:00:00,6,6,0,0
579,2021-10-31T00:00:00,2,2,0,0
580,2021-11-01T00:00:00,4,3,1,0
581,2021-11-02T00:00:00,4,3,0,1
582,2021-11-03T00:00:00,2,1,1,0
583,2021-11-04T00:00:00,4,4,0,0
584,2021-11-05T00:00:00,5,4,1,0
585,2021-11-06T00:00:00,4,4,0,0
586,2021-11-07T00:00:00,5,4,0,1
587,2021-11-08T00:00:00,6,5,1,0
588,2021-11-09T00:00:00,2,2,0,0
589,2021-11-10T00:00:00,5,4,1,0
590,2021-11-11T00:00:00,6,5,0,1
591,2021-11-12T00:00:00,7,5,1,1
592,2021-11-13T00:00:00,5,4,1,0
593,2021-11-14T00:00:00,2,1,1,0
594,2021-11-15T00:00:00,4,3,1,0
595,2021-11-16T00:00:00,6,6,0,0
596,2021-11-17T00:00:00,6,5,1,0
597,2021-11-18T00:00:00,6,3,2,1
598,2021-11-19T00:00:00,6,3,3,0
599,2021-11-20T00:00:00,7,6,1,0
600,2021-11-21T00:00:00,2,2,0,0
601,2021-11-22T00:00:00,4,2,2,0
602,2021-11-23T00:00:00,5,4,0,1
603,2021-11-24T00:00:00,6,6,0,0
604,2021-11-25T00:00:00,2,2,0,0
605,2021-11-26T00:00:00,4,3,1,0
606,2021-11-27T00:00:00,3,3,0,0
607,2021-11-28T00:00:00,4,2,2,0
608,2021-11-29T00:00:00,4,2,1,1
609,2021-11-30T00:00:00,7,6,1,0
610,2021-12-01T00:00:00,4,2,2,0
611,2021-12-02T00:00:00,7,6,1,0
612,2021-12-03T00:00:00,5,4,1,0
613,2021-12-04T00:00:00,8,5,0,3
614,2021-12-05T00:00:00,10,9,1,0
615,2021-12-06T00:00:00,6,4,2,0
616,2021-12-07T00:00:00,6,5,1,0
617,2021-12-08T00:00:00,8,7,1,0
618,2021-12-09T00:00:00,4,3,1,0
619,2021-12-10T00:00:00,13,8,4,1
620,2021-12-11T00:00:00,4,4,0,0
621,2021-12-12T00:00:00,2,2,0,0
622,2021-12-13T00:00:00,6,2,4,0
623,2021-12-14T00:00:00,6,4,2,0
624,2021-12-15T00:00:00,10,9,1,0
625,2021-12-16T00:00:00,4,3,1,0
626,2021-12-17T00:00:00,8,6,2,0
627,2021-12-18T00:00:00,9,5,4,0
628,2021-12-19T00:00:00,6,4,2,0
629,2021-12-20T00:00:00,4,4,0,0
630,2021-12-21T00:00:00,9,9,0,0
631,2021-12-22T00:00:00,3,3,0,0
632,2021-12-23T00:00:00,14,11,1,2
633,2021-12-24T00:00:00,12,9,3,0
634,2021-12-25T00:00:00,5,5,0,0
635,2021-12-26T00:00:00,6,4,2,0
636,2021-12-27T00:00:00,8,8,0,0
637,2021-12-28T00:00:00,9,6,3,0
638,2021-12-29T00:00:00,19,17,1,1
639,2021-12-30T00:00:00,11,7,2,2
640,2021-12-31T00:00:00,24,17,4,3
641,2022-01-01T00:00:00,12,10,1,1
642,2022-01-02T00:00:00,22,12,7,3
643,2022-01-03T00:00:00,23,16,6,1
644,2022-01-04T00:00:00,17,15,2,0
645,2022-01-05T00:00:00,31,21,8,2
646,2022-01-06T00:00:00,30,22,7,1
647,2022-01-07T00:00:00,26,22,4,0
648,2022-01-08T00:00:00,40,23,15,2
649,2022-01-09T00:00:00,37,31,6,0
650,2022-01-10T00:00:00,51,39,8,4
651,2022-01-11T00:00:00,54,35,15,4
652,2022-01-12T00:00:00,37,25,9,3
653,2022-01-13T00:00:00,52,34,16,2
654,2022-01-14T00:00:00,47,34,12,1
655,2022-01-15T00:00:00,67,49,16,2
656,2022-01-16T00:00:00,72,50,21,1
657,2022-01-17T00:00:00,60,40,19,1
658,2022-01-18T00:00:00,55,41,14,0
659,2022-01-19T00:00:00,63,49,11,3
660,2022-01-20T00:00:00,69,43,22,4
661,2022-01-21T00:00:00,63,45,15,3
662,2022-01-22T00:00:00,81,57,20,4
663,2022-01-23T00:00:00,87,65,18,4
664,2022-01-24T00:00:00,51,40,9,2
665,2022-01-25T00:00:00,73,55,13,5
666,2022-01-26T00:00:00,67,51,12,4
667,2022-01-27T00:00:00,56,45,9,2
668,2022-01-28T00:00:00,56,41,13,2
669,2022-01-29T00:00:00,58,41,14,3
670,2022-01-30T00:00:00,59,44,15,0
671,2022-01-31T00:00:00,55,43,10,2
672,2022-02-01T00:00:00,44,32,11,1
673,2022-02-02T00:00:00,48,33,14,1
674,2022-02-03T00:00:00,53,33,14,6
675,2022-02-04T00:00:00,51,38,10,3
676,2022-02-05T00:00:00,47,32,13,2
677,2022-02-06T00:00:00,35,25,9,1
678,2022-02-07T00:00:00,34,26,8,0
679,2022-02-08T00:00:00,37,22,14,1
680,2022-02-09T00:00:00,36,26,9,1
681,2022-02-10T00:00:00,27,21,5,1
682,2022-02-11T00:00:00,31,24,6,1
683,2022-02-12T00:00:00,28,18,10,0
684,2022-02-13T00:00:00,24,19,4,1
685,2022-02-14T00:00:00,27,18,9,0
686,2022-02-15T00:00:00,17,7,10,0
687,2022-02-16T00:00:00,26,19,7,0
688,2022-02-17T00:00:00,26,14,11,1
689,2022-02-18T00:00:00,30,18,12,0
690,2022-02-19T00:00:00,25,21,3,1
691,2022-02-20T00:00:00,26,18,5,3
692,2022-02-21T00:00:00,22,14,7,1
693,2022-02-22T00:00:00,20,14,4,2
694,2022-02-23T00:00:00,16,10,6,0
695,2022-02-24T00:00:00,15,8,7,0
696,2022-02-25T00:00:00,11,8,3,0
697,2022-02-26T00:00:00,15,9,6,0
698,2022-02-27T00:00:00,14,9,5,0
699,2022-02-28T00:00:00,12,8,4,0
700,2022-03-01T00:00:00,14,12,2,0
701,2022-03-02T00:00:00,14,8,6,0
702,2022-03-03T00:00:00,14,8,6,0
703,2022-03-04T00:00:00,10,5,5,0
704,2022-03-05T00:00:00,14,12,2,0
705,2022-03-06T00:00:00,15,9,6,0
706,2022-03-07T00:00:00,8,5,3,0
707,2022-03-08T00:00:00,9,8,1,0
708,2022-03-09T00:00:00,8,6,1,1
709,2022-03-10T00:00:00,8,5,3,0
710,2022-03-11T00:00:00,9,4,5,0
711,2022-03-12T00:00:00,6,3,3,0
712,2022-03-13T00:00:00,6,4,2,0
713,2022-03-14T00:00:00,10,4,5,1
714,2022-03-15T00:00:00,10,5,5,0
715,2022-03-16T00:00:00,9,7,2,0
716,2022-03-17T00:00:00,6,4,2,0
717,2022-03-18T00:00:00,15,14,1,0
718,2022-03-19T00:00:00,8,5,3,0
719,2022-03-20T00:00:00,12,8,4,0
720,2022-03-21T00:00:00,5,3,2,0
721,2022-03-22T00:00:00,9,4,5,0
722,2022-03-23T00:00:00,7,6,1,0
723,2022-03-24T00:00:00,7,4,1,2
724,2022-03-25T00:00:00,10,6,4,0
725,2022-03-26T00:00:00,7,4,2,1
726,2022-03-27T00:00:00,6,4,2,0
727,2022-03-28T00:00:00,10,7,2,1
728,2022-03-29T00:00:00,7,5,1,1
729,2022-03-30T00:00:00,13,9,4,0
730,2022-03-31T00:00:00,10,6,4,0
731,2022-04-01T00:00:00,7,3,4,0
732,2022-04-02T00:00:00,8,6,2,0
733,2022-04-03T00:00:00,15,10,5,0
734,2022-04-04T00:00:00,6,4,2,0
735,2022-04-05T00:00:00,8,5,3,0
736,2022-04-06T00:00:00,10,6,4,0
737,2022-04-07T00:00:00,12,6,5,1
738,2022-04-08T00:00:00,7,2,5,0
739,2022-04-09T00:00:00,8,4,4,0
740,2022-04-10T00:00:00,18,9,8,1
741,2022-04-11T00:00:00,12,7,5,0
742,2022-04-12T00:00:00,13,9,3,1
743,2022-04-13T00:00:00,22,14,8,0
744,2022-04-14T00:00:00,15,12,2,1
745,2022-04-15T00:00:00,13,8,3,2
746,2022-04-16T00:00:00,20,14,6,0
747,2022-04-17T00:00:00,19,11,8,0
748,2022-04-18T00:00:00,20,11,8,1
749,2022-04-19T00:00:00,9,4,5,0
750,2022-04-20T00:00:00,22,13,8,1
751,2022-04-21T00:00:00,15,9,6,0
752,2022-04-22T00:00:00,20,11,9,0
753,2022-04-23T00:00:00,4,3,1,0
754,2022-04-24T00:00:00,15,9,6,0
755,2022-04-25T00:00:00,15,11,4,0
756,2022-04-26T00:00:00,20,14,4,2
757,2022-04-27T00:00:00,11,10,1,0
758,2022-04-28T00:00:00,23,13,9,1
759,2022-04-29T00:00:00,13,7,5,1
760,2022-04-30T00:00:00,15,9,5,1
761,2022-05-01T00:00:00,21,14,7,0
762,2022-05-02T00:00:00,27,14,9,4
763,2022-05-03T00:00:00,13,8,4,1
764,2022-05-04T00:00:00,24,16,7,1
765,2022-05-05T00:00:00,15,10,5,0
766,2022-05-06T00:00:00,20,13,5,2
767,2022-05-07T00:00:00,19,13,5,1
768,2022-05-08T00:00:00,19,15,3,1
769,2022-05-09T00:00:00,13,11,2,0
770,2022-05-10T00:00:00,13,6,7,0
771,2022-05-11T00:00:00,11,8,3,0
772,2022-05-12T00:00:00,14,12,2,0
773,2022-05-13T00:00:00,13,7,6,0
774,2022-05-14T00:00:00,15,11,4,0
775,2022-05-15T00:00:00,9,3,6,0
776,2022-05-16T00:00:00,10,7,3,0
777,2022-05-17T00:00:00,8,2,6,0
778,2022-05-18T00:00:00,14,10,4,0
779,2022-05-19T00:00:00,10,5,3,2
780,2022-05-20T00:00:00,11,5,6,0
781,2022-05-21T00:00:00,11,8,1,2
782,2022-05-22T00:00:00,9,3,5,1
783,2022-05-23T00:00:00,13,6,7,0
784,2022-05-24T00:00:00,10,7,3,0
785,2022-05-25T00:00:00,7,5,2,0
786,2022-05-26T00:00:00,10,4,6,0
787,2022-05-27T00:00:00,6,3,2,1
788,2022-05-28T00:00:00,4,1,3,0
789,2022-05-29T00:00:00,12,5,7,0
790,2022-05-30T00:00:00,12,7,3,2
791,2022-05-31T00:00:00,6,4,2,0
792,2022-06-01T00:00:00,6,4,2,0
793,2022-06-02T00:00:00,8,5,2,1
794,2022-06-03T00:00:00,5,1,4,0
795,2022-06-04T00:00:00,4,4,0,0
796,2022-06-05T00:00:00,8,2,6,0
797,2022-06-06T00:00:00,6,4,2,0
798,2022-06-07T00:00:00,5,4,1,0
799,2022-06-08T00:00:00,5,4,1,0
800,2022-06-09T00:00:00,6,5,1,0
801,2022-06-10T00:00:00,4,3,1,0
802,2022-06-11T00:00:00,6,5,1,0
803,2022-06-12T00:00:00,8,3,4,1
804,2022-06-13T00:00:00,0,0,0,0
805,2022-06-14T00:00:00,4,2,2,0
806,2022-06-15T00:00:00,2,1,1,0
807,2022-06-16T00:00:00,5,1,4,0
808,2022-06-17T00:00:00,3,2,1,0
809,2022-06-18T00:00:00,4,2,1,1
810,2022-06-19T00:00:00,3,1,2,0
811,2022-06-20T00:00:00,3,2,1,0
812,2022-06-21T00:00:00,4,2,2,0
813,2022-06-22T00:00:00,4,4,0,0
814,2022-06-23T00:00:00,4,2,2,0
815,2022-06-24T00:00:00,2,1,1,0
816,2022-06-25T00:00:00,10,9,1,0
817,2022-06-26T00:00:00,7,3,4,0
818,2022-06-27T00:00:00,7,2,5,0
819,2022-06-28T00:00:00,7,3,4,0
820,2022-06-29T00:00:00,3,2,1,0
821,2022-06-30T00:00:00,4,3,1,0
822,2022-07-01T00:00:00,7,6,1,0
823,2022-07-02T00:00:00,3,1,2,0
824,2022-07-03T00:00:00,13,8,5,0
825,2022-07-04T00:00:00,3,1,2,0
826,2022-07-05T00:00:00,4,2,2,0
827,2022-07-06T00:00:00,2,1,1,0
828,2022-07-07T00:00:00,7,2,4,1
829,2022-07-08T00:00:00,10,7,3,0
830,2022-07-09T00:00:00,4,1,3,0
831,2022-07-10T00:00:00,4,3,1,0
832,2022-07-11T00:00:00,3,2,1,0
833,2022-07-12T00:00:00,8,6,2,0
834,2022-07-13T00:00:00,11,7,3,1
835,2022-07-14T00:00:00,6,3,2,1
836,2022-07-15T00:00:00,12,4,8,0
837,2022-07-16T00:00:00,12,10,2,0
838,2022-07-17T00:00:00,12,9,3,0
839,2022-07-18T00:00:00,15,10,5,0
840,2022-07-19T00:00:00,12,8,2,2
841,2022-07-20T00:00:00,16,11,5,0
842,2022-07-21T00:00:00,11,5,6,0
843,2022-07-22T00:00:00,17,10,7,0
844,2022-07-23T00:00:00,15,13,2,0
845,2022-07-24T00:00:00,19,14,5,0
846,2022-07-25T00:00:00,14,8,5,1
847,2022-07-26T00:00:00,10,9,1,0
848,2022-07-27T00:00:00,16,7,7,2
849,2022-07-28T00:00:00,17,10,7,0
850,2022-07-29T00:00:00,8,6,2,0
851,2022-07-30T00:00:00,13,11,2,0
852,2022-07-31T00:00:00,19,14,5,0
853,2022-08-01T00:00:00,15,11,3,1
854,2022-08-02T00:00:00,18,11,6,1
855,2022-08-03T00:00:00,14,7,5,2
856,2022-08-04T00:00:00,14,12,2,0
857,2022-08-05T00:00:00,18,10,6,2
858,2022-08-06T00:00:00,20,12,8,0
859,2022-08-07T00:00:00,8,3,4,1
860,2022-08-08T00:00:00,11,4,7,0
861,2022-08-09T00:00:00,10,4,6,0
862,2022-08-10T00:00:00,10,3,7,0
863,2022-08-11T00:00:00,15,8,7,0
864,2022-08-12T00:00:00,11,5,5,1
865,2022-08-13T00:00:00,11,6,5,0
866,2022-08-14T00:00:00,7,5,1,1
867,2022-08-15T00:00:00,10,9,1,0
868,2022-08-16T00:00:00,16,7,8,1
869,2022-08-17T00:00:00,15,8,6,1
870,2022-08-18T00:00:00,15,9,6,0
871,2022-08-19T00:00:00,10,6,4,0
872,2022-08-20T00:00:00,17,11,6,0
873,2022-08-21T00:00:00,17,9,6,2
874,2022-08-22T00:00:00,21,14,7,0
875,2022-08-23T00:00:00,15,10,5,0
876,2022-08-24T00:00:00,11,6,4,1
877,2022-08-25T00:00:00,12,5,7,0
878,2022-08-26T00:00:00,14,9,5,0
879,2022-08-27T00:00:00,16,11,4,1
880,2022-08-28T00:00:00,9,7,2,0
881,2022-08-29T00:00:00,16,10,6,0
882,2022-08-30T00:00:00,13,7,6,0
883,2022-08-31T00:00:00,7,3,4,0
884,2022-09-01T00:00:00,17,12,5,0
885,2022-09-02T00:00:00,12,7,4,1
886,2022-09-03T00:00:00,12,8,3,1
887,2022-09-04T00:00:00,9,5,4,0
888,2022-09-05T00:00:00,13,10,3,0
889,2022-09-06T00:00:00,15,12,3,0
890,2022-09-07T00:00:00,13,9,4,0
891,2022-09-08T00:00:00,9,7,2,0
892,2022-09-09T00:00:00,10,6,4,0
893,2022-09-10T00:00:00,6,2,4,0
894,2022-09-11T00:00:00,11,7,4,0
895,2022-09-12T00:00:00,12,4,5,3
896,2022-09-13T00:00:00,21,17,4,0
897,2022-09-14T00:00:00,11,6,4,1
898,2022-09-15T00:00:00,7,5,1,1
899,2022-09-16T00:00:00,5,2,1,2
900,2022-09-17T00:00:00,10,3,7,0
901,2022-09-18T00:00:00,12,7,5,0
902,2022-09-19T00:00:00,15,6,9,0
903,2022-09-20T00:00:00,8,6,2,0
904,2022-09-21T00:00:00,8,5,3,0
905,2022-09-22T00:00:00,10,7,3,0
906,2022-09-23T00:00:00,13,7,5,1
907,2022-09-24T00:00:00,10,6,4,0
908,2022-09-25T00:00:00,9,3,5,1
909,2022-09-26T00:00:00,6,6,0,0
910,2022-09-27T00:00:00,10,4,6,0
911,2022-09-28T00:00:00,10,9,1,0
912,2022-09-29T00:00:00,8,6,2,0
913,2022-09-30T00:00:00,15,10,4,1
914,2022-10-01T00:00:00,15,11,4,0
915,2022-10-02T00:00:00,11,9,2,0
916,2022-10-03T00:00:00,19,13,5,1
917,2022-10-04T00:00:00,12,8,4,0
918,2022-10-05T00:00:00,7,3,4,0
919,2022-10-06T00:00:00,17,11,6,0
920,2022-10-07T00:00:00,22,11,11,0
921,2022-10-08T00:00:00,11,7,4,0
922,2022-10-09T00:00:00,16,8,8,0
923,2022-10-10T00:00:00,14,7,6,1
924,2022-10-11T00:00:00,20,7,13,0
925,2022-10-12T00:00:00,21,14,7,0
926,2022-10-13T00:00:00,14,10,4,0
927,2022-10-14T00:00:00,12,4,8,0
928,2022-10-15T00:00:00,23,11,12,0
929,2022-10-16T00:00:00,19,16,3,0
930,2022-10-17T00:00:00,18,12,6,0
931,2022-10-18T00:00:00,20,11,7,2
932,2022-10-19T00:00:00,19,11,8,0
933,2022-10-20T00:00:00,18,10,7,1
934,2022-10-21T00:00:00,25,15,10,0
935,2022-10-22T00:00:00,22,16,6,0
936,2022-10-23T00:00:00,13,8,5,0
937,2022-10-24T00:00:00,33,22,11,0
938,2022-10-25T00:00:00,25,20,5,0
939,2022-10-26T00:00:00,20,13,7,0
940,2022-10-27T00:00:00,24,19,4,1
941,2022-10-28T00:00:00,21,14,7,0
942,2022-10-29T00:00:00,13,9,4,0
943,2022-10-30T00:00:00,15,9,5,1
944,2022-10-31T00:00:00,16,9,7,0
945,2022-11-01T00:00:00,20,11,8,1
946,2022-11-02T00:00:00,18,12,6,0
947,2022-11-03T00:00:00,21,13,5,3
948,2022-11-04T00:00:00,19,12,7,0
949,2022-11-05T00:00:00,18,13,5,0
950,2022-11-06T00:00:00,13,8,5,0
951,2022-11-07T00:00:00,13,8,5,0
952,2022-11-08T00:00:00,18,9,7,2
953,2022-11-09T00:00:00,21,14,7,0
954,2022-11-10T00:00:00,17,11,5,1
955,2022-11-11T00:00:00,11,7,4,0
956,2022-11-12T00:00:00,9,6,3,0
957,2022-11-13T00:00:00,17,10,7,0
958,2022-11-14T00:00:00,14,8,6,0
959,2022-11-15T00:00:00,18,12,6,0
960,2022-11-16T00:00:00,12,7,5,0
961,2022-11-17T00:00:00,12,6,5,1
962,2022-11-18T00:00:00,15,12,3,0
963,2022-11-19T00:00:00,13,5,5,3
964,2022-11-20T00:00:00,7,3,4,0
965,2022-11-21T00:00:00,15,13,2,0
966,2022-11-22T00:00:00,12,7,5,0
967,2022-11-23T00:00:00,11,7,3,1
968,2022-11-24T00:00:00,18,10,7,1
969,2022-11-25T00:00:00,7,2,4,1
970,2022-11-26T00:00:00,17,8,9,0
971,2022-11-27T00:00:00,9,6,3,0
972,2022-11-28T00:00:00,16,8,8,0
973,2022-11-29T00:00:00,8,6,2,0
974,2022-11-30T00:00:00,17,12,4,1
975,2022-12-01T00:00:00,9,8,1,0
976,2022-12-02T00:00:00,10,7,3,0
977,2022-12-03T00:00:00,8,4,4,0
978,2022-12-04T00:00:00,13,7,5,1
979,2022-12-05T00:00:00,10,6,4,0
980,2022-12-06T00:00:00,8,5,3,0
981,2022-12-07T00:00:00,12,4,7,1
982,2022-12-08T00:00:00,11,7,3,1
983,2022-12-09T00:00:00,12,9,3,0
984,2022-12-10T00:00:00,8,3,5,0
985,2022-12-11T00:00:00,12,9,3,0
986,2022-12-12T00:00:00,11,6,5,0
987,2022-12-13T00:00:00,9,6,3,0
988,2022-12-14T00:00:00,11,7,4,0
989,2022-12-15T00:00:00,9,7,2,0
990,2022-12-16T00:00:00,15,8,7,0
991,2022-12-17T00:00:00,3,1,1,1
992,2022-12-18T00:00:00,12,9,3,0
993,2022-12-19T00:00:00,10,6,4,0
994,2022-12-20T00:00:00,13,7,5,1
995,2022-12-21T00:00:00,12,9,2,1
996,2022-12-22T00:00:00,11,6,5,0
997,2022-12-23T00:00:00,17,8,8,1
998,2022-12-24T00:00:00,12,9,3,0
999,2022-12-25T00:00:00,9,5,4,0
1000,2022-12-26T00:00:00,5,2,3,0
1001,2022-12-27T00:00:00,9,4,5,0
1002,2022-12-28T00:00:00,10,6,4,0
1003,2022-12-29T00:00:00,7,4,2,1
1004,2022-12-30T00:00:00,10,6,4,0
1005,2022-12-31T00:00:00,22,12,9,1
1006,2023-01-01T00:00:00,17,11,5,1
1007,2023-01-02T00:00:00,16,10,6,0
1008,2023-01-03T00:00:00,20,17,2,1
1009,2023-01-04T00:00:00,6,3,3,0
1010,2023-01-05T00:00:00,14,11,3,0
1011,2023-01-06T00:00:00,17,7,9,1
1012,2023-01-07T00:00:00,8,7,1,0
1013,2023-01-08T00:00:00,15,8,7,0
1014,2023-01-09T00:00:00,11,9,1,1
1015,2023-01-10T00:00:00,17,13,4,0
1016,2023-01-11T00:00:00,15,9,6,0
1017,2023-01-12T00:00:00,11,9,2,0
1018,2023-01-13T00:00:00,17,12,5,0
1019,2023-01-14T00:00:00,10,6,4,0
1020,2023-01-15T00:00:00,12,9,3,0
1021,2023-01-16T00:00:00,10,7,3,0
1022,2023-01-17T00:00:00,14,8,6,0
1023,2023-01-18T00:00:00,17,13,4,0
1024,2023-01-19T00:00:00,10,5,5,0
1025,2023-01-20T00:00:00,9,7,2,0
1026,2023-01-21T00:00:00,4,2,2,0
1027,2023-01-22T00:00:00,9,8,1,0
1028,2023-01-23T00:00:00,8,7,1,0
1029,2023-01-24T00:00:00,13,9,4,0
1030,2023-01-25T00:00:00,11,9,2,0
1031,2023-01-26T00:00:00,13,6,6,1
1032,2023-01-27T00:00:00,9,7,2,0
1033,2023-01-28T00:00:00,6,6,0,0
1034,2023-01-29T00:00:00,14,8,5,1
1035,2023-01-30T00:00:00,6,4,2,0
1036,2023-01-31T00:00:00,13,9,4,0
1037,2023-02-01T00:00:00,11,7,4,0
1038,2023-02-02T00:00:00,5,3,1,1
1039,2023-02-03T00:00:00,4,1,3,0
1040,2023-02-04T00:00:00,12,6,5,1
1041,2023-02-05T00:00:00,12,7,4,1
1042,2023-02-06T00:00:00,13,9,4,0
1043,2023-02-07T00:00:00,8,5,2,1
1044,2023-02-08T00:00:00,7,5,2,0
1045,2023-02-09T00:00:00,3,2,1,0
1046,2023-02-10T00:00:00,11,5,6,0
1047,2023-02-11T00:00:00,7,3,4,0
1048,2023-02-12T00:00:00,5,2,2,1
1049,2023-02-13T00:00:00,3,2,1,0
1050,2023-02-14T00:00:00,3,3,0,0
1051,2023-02-15T00:00:00,9,7,2,0
1052,2023-02-16T00:00:00,6,4,2,0
1053,2023-02-17T00:00:00,8,3,5,0
1054,2023-02-18T00:00:00,7,4,2,1
1055,2023-02-19T00:00:00,2,2,0,0
1056,2023-02-20T00:00:00,9,6,3,0
1057,2023-02-21T00:00:00,11,6,4,1
1058,2023-02-22T00:00:00,4,2,2,0
1059,2023-02-23T00:00:00,12,8,4,0
1060,2023-02-24T00:00:00,7,5,2,0
1061,2023-02-25T00:00:00,7,5,1,1
1062,2023-02-26T00:00:00,9,8,1,0
1063,2023-02-27T00:00:00,9,6,3,0
1064,2023-02-28T00:00:00,10,8,2,0
1065,2023-03-01T00:00:00,9,6,3,0
1066,2023-03-02T00:00:00,5,4,0,1
1067,2023-03-03T00:00:00,9,7,2,0
1068,2023-03-04T00:00:00,7,6,1,0
1069,2023-03-05T00:00:00,8,5,3,0
1070,2023-03-06T00:00:00,5,2,3,0
1071,2023-03-07T00:00:00,8,7,1,0
1072,2023-03-08T00:00:00,6,3,2,1
1073,2023-03-09T00:00:00,9,6,2,1
1074,2023-03-10T00:00:00,9,5,3,1
1075,2023-03-11T00:00:00,5,3,2,0
1076,2023-03-12T00:00:00,4,2,2,0
1077,2023-03-13T00:00:00,3,2,1,0
1078,2023-03-14T00:00:00,6,4,2,0
1079,2023-03-15T00:00:00,8,6,2,0
1080,2023-03-16T00:00:00,8,7,1,0
1081,2023-03-17T00:00:00,6,4,2,0
1082,2023-03-18T00:00:00,11,6,5,0
1083,2023-03-19T00:00:00,5,2,3,0
1084,2023-03-20T00:00:00,10,6,4,0
1085,2023-03-21T00:00:00,5,4,1,0
1086,2023-03-22T00:00:00,10,5,5,0
1087,2023-03-23T00:00:00,7,6,1,0
1088,2023-03-24T00:00:00,6,3,3,0
1089,2023-03-25T00:00:00,1,1,0,0
1090,2023-03-26T00:00:00,8,4,4,0
1091,2023-03-27T00:00:00,11,7,4,0
1092,2023-03-28T00:00:00,4,3,1,0
1093,2023-03-29T00:00:00,5,2,2,1
1094,2023-03-30T00:00:00,7,4,3,0
1095,2023-03-31T00:00:00,3,2,1,0
1096,2023-04-01T00:00:00,4,3,1,0
1097,2023-04-02T00:00:00,4,1,3,0
1098,2023-04-03T00:00:00,2,1,1,0
1099,2023-04-04T00:00:00,7,6,1,0
1100,2023-04-05T00:00:00,8,3,5,0
1101,2023-04-06T00:00:00,5,3,1,1
1102,2023-04-07T00:00:00,2,2,0,0
1103,2023-04-08T00:00:00,6,5,1,0
1104,2023-04-09T00:00:00,4,2,2,0
1105,2023-04-10T00:00:00,6,2,4,0
1106,2023-04-11T00:00:00,8,6,1,1
1107,2023-04-12T00:00:00,5,4,1,0
1108,2023-04-13T00:00:00,3,2,1,0
1109,2023-04-14T00:00:00,3,2,1,0
1110,2023-04-15T00:00:00,4,4,0,0
1111,2023-04-16T00:00:00,3,3,0,0
1112,2023-04-17T00:00:00,8,4,3,1
1113,2023-04-18T00:00:00,1,1,0,0
1114,2023-04-19T00:00:00,5,4,0,1
1115,2023-04-20T00:00:00,5,2,2,1
1116,2023-04-21T00:00:00,3,3,0,0
1117,2023-04-22T00:00:00,4,4,0,0
1118,2023-04-23T00:00:00,3,2,1,0
1119,2023-04-24T00:00:00,2,1,1,0
1120,2023-04-25T00:00:00,5,4,1,0
1121,2023-04-26T00:00:00,3,3,0,0
1122,2023-04-27T00:00:00,1,0,1,0
1123,2023-04-28T00:00:00,4,1,3,0
1124,2023-04-29T00:00:00,4,3,1,0
1125,2023-04-30T00:00:00,4,2,2,0
1126,2023-05-01T00:00:00,6,3,3,0
1127,2023-05-02T00:00:00,3,1,2,0
1128,2023-05-03T00:00:00,4,3,1,0
1129,2023-05-04T00:00:00,3,3,0,0
1130,2023-05-05T00:00:00,1,1,0,0
1131,2023-05-06T00:00:00,9,5,4,0
1132,2023-05-07T00:00:00,1,1,0,0
1133,2023-05-08T00:00:00,1,1,0,0
1134,2023-05-09T00:00:00,2,0,2,0
1135,2023-05-10T00:00:00,6,3,3,0
1136,2023-05-11T00:00:00,6,4,2,0
1137,2023-05-12T00:00:00,3,3,0,0
1138,2023-05-13T00:00:00,2,0,2,0
1139,2023-05-14T00:00:00,1,1,0,0
1140,2023-05-15T00:00:00,3,2,1,0
1141,2023-05-16T00:00:00,6,5,1,0
1142,2023-05-17T00:00:00,6,3,3,0
1143,2023-05-18T00:00:00,2,2,0,0
1144,2023-05-19T00:00:00,4,3,1,0
1145,2023-05-20T00:00:00,1,1,0,0
1146,2023-05-21T00:00:00,2,2,0,0
1147,2023-05-22T00:00:00,3,2,1,0
1148,2023-05-23T00:00:00,2,2,0,0
1149,2023-05-24T00:00:00,1,1,0,0
1150,2023-05-25T00:00:00,1,0,1,0
1151,2023-05-26T00:00:00,3,2,1,0
1152,2023-05-27T00:00:00,4,2,2,0
1153,2023-05-28T00:00:00,0,0,0,0
1154,2023-05-29T00:00:00,4,3,1,0
1155,2023-05-30T00:00:00,0,0,0,0
1156,2023-05-31T00:00:00,6,5,1,0
1157,2023-06-01T00:00:00,1,1,0,0
1158,2023-06-02T00:00:00,3,2,1,0
1159,2023-06-03T00:00:00,4,2,1,1
1160,2023-06-04T00:00:00,2,1,1,0
1161,2023-06-05T00:00:00,3,0,3,0
1162,2023-06-06T00:00:00,1,1,0,0
1163,2023-06-07T00:00:00,5,5,0,0
1164,2023-06-08T00:00:00,1,1,0,0
1165,2023-06-09T00:00:00,0,0,0,0
1166,2023-06-10T00:00:00,0,0,0,0
1167,2023-06-11T00:00:00,1,1,0,0
1168,2023-06-12T00:00:00,3,2,1,0
1169,2023-06-13T00:00:00,3,1,2,0
1170,2023-06-14T00:00:00,3,1,2,0
1171,2023-06-15T00:00:00,5,3,2,0
1172,2023-06-16T00:00:00,2,1,1,0
1173,2023-06-17T00:00:00,2,1,1,0
1174,2023-06-18T00:00:00,0,0,0,0
1175,2023-06-19T00:00:00,1,0,1,0
1176,2023-06-20T00:00:00,1,1,0,0
1177,2023-06-21T00:00:00,2,1,1,0
1178,2023-06-22T00:00:00,2,2,0,0
1179,2023-06-23T00:00:00,1,1,0,0
1180,2023-06-24T00:00:00,2,2,0,0
1181,2023-06-25T00:00:00,2,2,0,0
1182,2023-06-26T00:00:00,2,0,1,1
1183,2023-06-27T00:00:00,2,2,0,0
1184,2023-06-28T00:00:00,1,1,0,0
1185,2023-06-29T00:00:00,0,0,0,0
1186,2023-06-30T00:00:00,1,0,0,1
1187,2023-07-01T00:00:00,2,2,0,0
1188,2023-07-02T00:00:00,1,1,0,0
1189,2023-07-03T00:00:00,0,0,0,0
1190,2023-07-04T00:00:00,0,0,0,0
1191,2023-07-05T00:00:00,3,0,2,1
1192,2023-07-06T00:00:00,2,0,2,0
1193,2023-07-07T00:00:00,1,1,0,0
1194,2023-07-08T00:00:00,1,1,0,0
1195,2023-07-09T00:00:00,2,2,0,0
1196,2023-07-10T00:00:00,3,1,1,1
1197,2023-07-11T00:00:00,0,0,0,0
1198,2023-07-12T00:00:00,1,1,0,0
1199,2023-07-13T00:00:00,2,1,1,0
1200,2023-07-14T00:00:00,1,0,1,0
1201,2023-07-15T00:00:00,3,2,1,0
1202,2023-07-16T00:00:00,1,1,0,0
1203,2023-07-17T00:00:00,1,0,1,0
1204,2023-07-18T00:00:00,0,0,0,0
1205,2023-07-19T00:00:00,2,2,0,0
1206,2023-07-20T00:00:00,2,1,1,0
1207,2023-07-21T00:00:00,2,2,0,0
1208,2023-07-22T00:00:00,1,1,0,0
1209,2023-07-23T00:00:00,2,0,2,0
1210,2023-07-24T00:00:00,0,0,0,0
1211,2023-07-25T00:00:00,2,1,1,0
1212,2023-07-26T00:00:00,2,1,1,0
1213,2023-07-27T00:00:00,4,1,3,0
1214,2023-07-28T00:00:00,2,1,0,1
1215,2023-07-29T00:00:00,0,0,0,0
1216,2023-07-30T00:00:00,5,4,1,0
1217,2023-07-31T00:00:00,3,2,1,0
1218,2023-08-01T00:00:00,0,0,0,0
1219,2023-08-02T00:00:00,4,3,1,0
1220,2023-08-03T00:00:00,2,1,0,1
1221,2023-08-04T00:00:00,0,0,0,0
1222,2023-08-05T00:00:00,3,2,1,0
1223,2023-08-06T00:00:00,0,0,0,0
1224,2023-08-07T00:00:00,1,1,0,0
1225,2023-08-08T00:00:00,1,0,1,0
1226,2023-08-09T00:00:00,1,1,0,0
1227,2023-08-10T00:00:00,2,2,0,0
1228,2023-08-11T00:00:00,2,1,1,0
1229,2023-08-12T00:00:00,4,4,0,0
1230,2023-08-13T00:00:00,3,3,0,0
1231,2023-08-14T00:00:00,2,2,0,0
1232,2023-08-15T00:00:00,2,2,0,0
1233,2023-08-16T00:00:00,5,4,1,0
1234,2023-08-17T00:00:00,0,0,0,0
1235,2023-08-18T00:00:00,1,1,0,0
1236,2023-08-19T00:00:00,1,1,0,0
1237,2023-08-20T00:00:00,1,1,0,0
1238,2023-08-21T00:00:00,3,3,0,0
1239,2023-08-22T00:00:00,1,1,0,0
1240,2023-08-23T00:00:00,2,0,2,0
1241,2023-08-24T00:00:00,1,1,0,0
1242,2023-08-25T00:00:00,1,0,1,0
1243,2023-08-26T00:00:00,5,4,1,0
1244,2023-08-27T00:00:00,3,3,0,0
1245,2023-08-28T00:00:00,1,1,0,0
1246,2023-08-29T00:00:00,1,0,1,0
1247,2023-08-30T00:00:00,5,5,0,0
1248,2023-08-31T00:00:00,2,1,0,1
1249,2023-09-01T00:00:00,1,1,0,0
1250,2023-09-02T00:00:00,2,2,0,0
1251,2023-09-03T00:00:00,4,0,2,2
1252,2023-09-04T00:00:00,3,2,1,0
1253,2023-09-05T00:00:00,3,2,0,1
1254,2023-09-06T00:00:00,2,1,1,0
1255,2023-09-07T00:00:00,4,3,1,0
1256,2023-09-08T00:00:00,4,2,1,1
1257,2023-09-09T00:00:00,3,2,1,0
1258,2023-09-10T00:00:00,3,2,1,0
1259,2023-09-11T00:00:00,6,3,2,1
1260,2023-09-12T00:00:00,4,3,0,1
1261,2023-09-13T00:00:00,4,2,2,0
1262,2023-09-14T00:00:00,4,3,1,0
1263,2023-09-15T00:00:00,5,3,2,0
1264,2023-09-16T00:00:00,1,1,0,0
1265,2023-09-17T00:00:00,8,6,2,0
1266,2023-09-18T00:00:00,2,1,1,0
1267,2023-09-19T00:00:00,1,1,0,0
1268,2023-09-20T00:00:00,5,4,0,1
1269,2023-09-21T00:00:00,7,6,1,0
1270,2023-09-22T00:00:00,4,3,1,0
1271,2023-09-23T00:00:00,5,3,2,0
1272,2023-09-24T00:00:00,3,3,0,0
1273,2023-09-25T00:00:00,7,2,4,1
1274,2023-09-26T00:00:00,9,5,3,1
1275,2023-09-27T00:00:00,4,2,2,0
1276,2023-09-28T00:00:00,7,7,0,0
1277,2023-09-29T00:00:00,8,6,1,1
1278,2023-09-30T00:00:00,3,3,0,0
1279,2023-10-01T00:00:00,2,1,1,0
1280,2023-10-02T00:00:00,9,7,1,1
1281,2023-10-03T00:00:00,4,3,1,0
1282,2023-10-04T00:00:00,4,2,2,0
1283,2023-10-05T00:00:00,5,3,2,0
1284,2023-10-06T00:00:00,1,1,0,0
1285,2023-10-07T00:00:00,6,5,1,0
1286,2023-10-08T00:00:00,5,3,2,0
1287,2023-10-09T00:00:00,3,2,1,0
1288,2023-10-10T00:00:00,7,3,4,0
1289,2023-10-11T00:00:00,4,4,0,0
1290,2023-10-12T00:00:00,14,10,4,0
1291,2023-10-13T00:00:00,5,4,1,0
1292,2023-10-14T00:00:00,6,3,3,0
1293,2023-10-15T00:00:00,6,4,2,0
1294,2023-10-16T00:00:00,7,6,1,0
1295,2023-10-17T00:00:00,2,2,0,0
1296,2023-10-18T00:00:00,5,4,1,0
1297,2023-10-19T00:00:00,7,3,3,1
1298,2023-10-20T00:00:00,5,5,0,0
1299,2023-10-21T00:00:00,6,3,3,0
1300,2023-10-22T00:00:00,6,3,3,0
1301,2023-10-23T00:00:00,11,6,5,0
1302,2023-10-24T00:00:00,9,3,6,0
1303,2023-10-25T00:00:00,7,7,0,0
1304,2023-10-26T00:00:00,4,1,2,1
1305,2023-10-27T00:00:00,10,7,2,1
1306,2023-10-28T00:00:00,8,1,5,2
1307,2023-10-29T00:00:00,5,3,1,1
1308,2023-10-30T00:00:00,6,4,2,0
1309,2023-10-31T00:00:00,8,3,5,0
1310,2023-11-01T00:00:00,12,10,2,0
1311,2023-11-02T00:00:00,5,2,3,0
1312,2023-11-03T00:00:00,8,6,2,0
1313,2023-11-04T00:00:00,4,4,0,0
1314,2023-11-05T00:00:00,11,8,3,0
1315,2023-11-06T00:00:00,7,3,4,0
1316,2023-11-07T00:00:00,7,4,3,0
1317,2023-11-08T00:00:00,3,0,3,0
1318,2023-11-09T00:00:00,8,6,2,0
1319,2023-11-10T00:00:00,5,1,4,0
1320,2023-11-11T00:00:00,12,7,5,0
1321,2023-11-12T00:00:00,6,4,2,0
1322,2023-11-13T00:00:00,7,2,5,0
1323,2023-11-14T00:00:00,12,8,3,1
1324,2023-11-15T00:00:00,15,7,7,1
1325,2023-11-16T00:00:00,9,5,4,0
1326,2023-11-17T00:00:00,10,4,4,2
1327,2023-11-18T00:00:00,11,5,6,0
1328,2023-11-19T00:00:00,9,7,2,0
1329,2023-11-20T00:00:00,8,4,3,1
1330,2023-11-21T00:00:00,6,2,3,1
1331,2023-11-22T00:00:00,9,6,3,0
1332,2023-11-23T00:00:00,10,7,2,1
1333,2023-11-24T00:00:00,7,3,4,0
1334,2023-11-25T00:00:00,6,2,4,0
1335,2023-11-26T00:00:00,10,7,3,0
1336,2023-11-27T00:00:00,5,2,2,1
1337,2023-11-28T00:00:00,12,10,2,0
1338,2023-11-29T00:00:00,10,6,4,0
1339,2023-11-30T00:00:00,7,5,2,0
1340,2023-12-01T00:00:00,6,3,3,0
1341,2023-12-02T00:00:00,7,5,2,0
1342,2023-12-03T00:00:00,18,11,7,0
1343,2023-12-04T00:00:00,9,6,3,0
1344,2023-12-05T00:00:00,12,7,2,3
1345,2023-12-06T00:00:00,8,5,3,0
1346,2023-12-07T00:00:00,13,11,2,0
1347,2023-12-08T00:00:00,13,11,2,0
1348,2023-12-09T00:00:00,10,5,5,0
1349,2023-12-10T00:00:00,8,6,2,0
1350,2023-12-11T00:00:00,7,6,1,0
1351,2023-12-12T00:00:00,3,1,1,1
1352,2023-12-13T00:00:00,4,4,0,0
1353,2023-12-14T00:00:00,5,4,1,0
1354,2023-12-15T00:00:00,5,4,1,0
1355,2023-12-16T00:00:00,11,6,5,0
1356,2023-12-17T00:00:00,5,2,3,0
1357,2023-12-18T00:00:00,5,5,0,0
1358,2023-12-19T00:00:00,9,5,4,0
1359,2023-12-20T00:00:00,5,5,0,0
1360,2023-12-21T00:00:00,5,2,3,0
1361,2023-12-22T00:00:00,5,3,2,0
1362,2023-12-23T00:00:00,10,7,3,0
1363,2023-12-24T00:00:00,5,4,1,0
1364,2023-12-25T00:00:00,12,7,3,2
1365,2023-12-26T00:00:00,4,3,1,0
1366,2023-12-27T00:00:00,8,5,3,0
1367,2023-12-28T00:00:00,12,10,2,0
1368,2023-12-29T00:00:00,7,4,3,0
1369,2023-12-30T00:00:00,9,8,1,0
1370,2023-12-31T00:00:00,11,8,2,1
1371,2024-01-01T00:00:00,5,3,2,0
1372,2024-01-02T00:00:00,11,7,4,0
1373,2024-01-03T00:00:00,5,4,1,0
1374,2024-01-04T00:00:00,12,10,2,0
1375,2024-01-05T00:00:00,10,8,2,0
1376,2024-01-06T00:00:00,8,6,0,2
1377,2024-01-07T00:00:00,16,11,5,0
1378,2024-01-08T00:00:00,12,10,2,0
1379,2024-01-09T00:00:00,12,3,7,2
1380,2024-01-10T00:00:00,7,6,1,0
1381,2024-01-11T00:00:00,7,3,3,1
1382,2024-01-12T00:00:00,8,7,1,0
1383,2024-01-13T00:00:00,9,6,3,0
1384,2024-01-14T00:00:00,8,6,1,1
1385,2024-01-15T00:00:00,5,3,2,0
1386,2024-01-16T00:00:00,7,4,3,0
1387,2024-01-17T00:00:00,8,7,1,0
1388,2024-01-18T00:00:00,11,3,7,1
1389,2024-01-19T00:00:00,4,2,1,1
1390,2024-01-20T00:00:00,7,3,3,1
1391,2024-01-21T00:00:00,4,4,0,0
1392,2024-01-22T00:00:00,3,2,0,1
1393,2024-01-23T00:00:00,7,2,4,1
1394,2024-01-24T00:00:00,5,3,1,1
1395,2024-01-25T00:00:00,9,7,2,0
1396,2024-01-26T00:00:00,3,3,0,0
1397,2024-01-27T00:00:00,3,3,0,0
1398,2024-01-28T00:00:00,6,4,1,1
1399,2024-01-29T00:00:00,0,0,0,0
1400,2024-01-30T00:00:00,2,2,0,0
1401,2024-01-31T00:00:00,8,3,4,1
1402,2024-02-01T00:00:00,5,1,4,0
1403,2024-02-02T00:00:00,1,1,0,0
1404,2024-02-03T00:00:00,3,2,1,0
1405,2024-02-04T00:00:00,3,2,1,0
1406,2024-02-05T00:00:00,2,1,1,0
1407,2024-02-06T00:00:00,4,2,2,0
1408,2024-02-07T00:00:00,0,0,0,0
1409,2024-02-08T00:00:00,4,3,1,0
1410,2024-02-09T00:00:00,0,0,0,0
1411,2024-02-10T00:00:00,3,3,0,0
1412,2024-02-11T00:00:00,6,6,0,0
1413,2024-02-12T00:00:00,2,1,1,0
1414,2024-02-13T00:00:00,1,0,1,0
1415,2024-02-14T00:00:00,3,3,0,0
1416,2024-02-15T00:00:00,0,0,0,0
1417,2024-02-16T00:00:00,1,1,0,0
1418,2024-02-17T00:00:00,0,0,0,0
1419,2024-02-18T00:00:00,0,0,0,0
1420,2024-02-19T00:00:00,0,0,0,0
1421,2024-02-20T00:00:00,0,0,0,0
1422,2024-02-21T00:00:00,0,0,0,0
